{
    "llama": {
        "bge_vs_e5": {
            "spearman_r": 0.23636363636363633,
            "p_value": 0.5108853175152003
        },
        "bge_vs_minilm": {
            "spearman_r": 0.49090909090909085,
            "p_value": 0.1496556734208368
        },
        "e5_vs_minilm": {
            "spearman_r": 0.28484848484848485,
            "p_value": 0.4250381548921454
        }
    },
    "mistral": {
        "bge_vs_e5": {
            "spearman_r": 0.7696969696969697,
            "p_value": 0.009221952722215994
        },
        "bge_vs_minilm": {
            "spearman_r": 0.7333333333333332,
            "p_value": 0.015800596250571577
        },
        "e5_vs_minilm": {
            "spearman_r": 0.7575757575757575,
            "p_value": 0.011143446799694208
        }
    },
    "phi": {
        "bge_vs_e5": {
            "spearman_r": 0.3696969696969697,
            "p_value": 0.29305007529282234
        },
        "bge_vs_minilm": {
            "spearman_r": 0.19999999999999998,
            "p_value": 0.5795840000000002
        },
        "e5_vs_minilm": {
            "spearman_r": 0.6121212121212121,
            "p_value": 0.05997214247725527
        }
    }
}