{
    "num_vectors": 5,
    "dimension": 384,
    "mean_norm": 1.0,
    "std_norm": 4.61695606190915e-08,
    "min_norm": 0.9999999403953552,
    "max_norm": 1.0
}