{
    "num_vectors": 5,
    "dimension": 1024,
    "mean_norm": 1.0,
    "std_norm": 3.7697287069704544e-08,
    "min_norm": 0.9999999403953552,
    "max_norm": 1.0
}